T,α,τ,benefit_risk_heuristic,biggest_difference_heuristic,h,highest_prob_heuristic,least_difference_heuristic,neutral_heuristic,optimal
5,0.1,0.2,8.31707914348145,9.48270140296729,-1,9.14200692481851,9.14200692481851,8.1617267458643,8.1570806774718
5,0.2,0.2,8.30540789310196,9.34807203344424,-1,9.18445869887024,9.18445869887024,8.19247476314186,8.19032273549883
5,0.3,0.2,8.32169663134834,9.2607208006687,-1,9.29586753931855,9.29586753931855,8.24540691652049,8.24189033437935
5,0.1,0.4,7.5019620601302,9.03674929975252,-1,8.65549381538978,8.65549381538978,6.31258625327662,6.29880994431948
5,0.2,0.4,7.42454901481329,8.76952592485668,-1,8.67047113032113,8.67047113032113,6.33668817089353,6.32329150067977
5,0.3,0.4,7.38691787195691,8.59435463561739,-1,8.89139339867919,8.89139339867919,6.38999061250571,6.37113609651221
5,0.1,0.6,7.45634486000313,8.42027494581531,-1,7.98296598388897,7.98296598388897,4.40807171097977,4.39408208629617
5,0.2,0.6,7.35912177211655,7.99660320014186,-1,8.00544583209191,8.00544583209191,4.44442643505392,4.43083514735419
5,0.3,0.6,7.30705991957938,7.7286609668037,-1,8.33684959915693,8.33684959915693,4.52492358502903,4.50277293711179
5,0.1,0.8,3.08579216552949,7.22635421421818,-1,7.31023290189615,7.31023290189615,2.46251098366994,2.4529149625598
5,0.2,0.8,5.24304878741649,6.47188527924387,-1,7.34022742294269,7.34022742294269,2.5123541394347,2.50297592305591
5,0.3,0.8,5.18788699532873,5.9914761697608,-1,7.7821289346094,7.7821289346094,2.62158451630529,2.59784586845664
5,0.1,1,0.592178026450461,5.08531888839519,-1,6.63728006921899,6.63728006921899,0.449611458602465,0.449611458602465
5,0.2,1,0.56498231233422,3.84802424760076,-1,6.67480136670638,6.67480136670638,0.514070803339218,0.505721087299418
5,0.3,1,0.702420381367981,3.06969895583231,-1,7.22721749777756,7.22721749777756,0.653604014250969,0.607108509306577
5,0.1,0.2,5.25243943119424,6.09386984265044,-0.8,6.23609657360732,6.23609657360732,5.19510904960221,5.19510904960221
5,0.2,0.2,5.23489080629533,5.89304010505717,-0.8,6.24953070464917,6.24953070464917,5.21448131037194,5.21356111946513
5,0.3,0.2,5.23812027323748,5.75455583927675,-0.8,6.26330837064501,6.26330837064501,5.24903144454332,5.23804537079343
5,0.1,0.4,5.06696050229638,5.90067668685253,-0.8,6.47135230100295,6.47135230100295,4.01009520618801,4.01000965418459
5,0.2,0.4,4.93006569407333,5.48907476544887,-0.8,6.45624491780656,6.45624491780656,4.02179072054352,4.01890024556612
5,0.3,0.4,4.84171409178084,5.20945118495137,-0.8,6.44030350842339,6.44030350842339,4.05493477847575,4.04425229228193
5,0.1,0.6,4.09207535297935,5.61475282556832,-0.8,6.50704938488781,6.50704938488781,2.8007235925774,2.8007235925774
5,0.2,0.6,3.94772998329083,4.94618806168993,-0.8,6.48438805455486,6.48438805455486,2.81835591067161,2.81396428916059
5,0.3,0.6,3.85922832237865,4.50350334036725,-0.8,6.46047568211284,6.46047568211284,2.86825608484282,2.85206156065425
5,0.1,0.8,1.80538987865891,5.24071615075438,-0.8,6.54276048923132,6.54276048923132,1.58205945689429,1.58205945689429
5,0.2,0.8,2.03115274540422,4.23590705724667,-0.8,6.51254504061103,6.51254504061103,1.6058961504215,1.59998091669188
5,0.3,0.8,2.56099200867708,3.56833439040314,-0.8,6.48066153206466,6.48066153206466,1.67288555613687,1.62180043282955
5,0.1,1,0.349877329911441,4.65750774209103,-0.8,6.57848607445571,6.57848607445571,0.349876422618145,0.349876422618145
5,0.2,1,0.333679072678812,3.23806459024003,-0.8,6.54071633077682,6.54071633077682,0.380151081347681,0.329468847150762
5,0.3,1,0.349221439059714,2.29708617409076,-0.8,6.5008615073979,6.5008615073979,0.464555618713525,0.327988216517779
5,0.1,0.2,3.13262297204605,3.69428581112393,-0.6,3.97212300881642,3.97212300881642,2.92937536349937,2.92937536349937
5,0.2,0.2,3.05173829040074,3.45432773711123,-0.6,3.9588602586519,3.9588602586519,2.93895567306169,2.93018061253474
5,0.3,0.2,2.99710199896668,3.28114473439042,-0.6,3.94223439631384,3.94223439631384,2.95783674464339,2.92357170720202
5,0.1,0.4,2.80268710070521,3.91824159075329,-0.6,4.76981014108782,4.76981014108782,2.29025904544068,2.29025904544068
5,0.2,0.4,2.66375534303611,3.4063590346076,-0.6,4.72662894455184,4.72662894455184,2.29129295564535,2.28054827952363
5,0.3,0.4,2.56843433071304,3.05149491726963,-0.6,4.67305200982763,4.67305200982763,2.30695775216719,2.26621427184721
5,0.1,0.6,1.90445232251416,4.13891983910577,-0.6,5.35471521174701,5.35471521174701,1.63318551554078,1.63318551554078
5,0.2,0.6,2.0829956803431,3.31606790082139,-0.6,5.28994341693882,5.28994341693882,1.63475895657361,1.61028825064979
5,0.3,0.6,1.96071003096858,2.75505963880355,-0.6,5.20957801484727,5.20957801484727,1.65829668103377,1.58879537106178
5,0.1,0.8,0.996524711169889,4.35646600830713,-0.6,5.93962028248303,5.93962028248303,0.974722625564962,0.974722625564962
5,0.2,0.8,0.975131933426217,3.20358219846046,-0.6,5.85325788939982,5.85325788939982,0.976867423652268,0.933874079046637
5,0.3,0.8,1.28743384361101,2.4169885390432,-0.6,5.74610401993745,5.74610401993745,1.0083205902884,0.905399288384871
5,0.1,1,0.314476391456652,4.58431552718746,-0.6,6.52452535329591,6.52452535329591,0.314476391456652,0.314476391456652
5,0.2,1,0.251551364770223,3.05938608315004,-0.6,6.41657236193487,6.41657236193487,0.31722179389728,0.247710983206964
5,0.3,1,0.212477751080399,2.01898123200244,-0.6,6.28263002509819,6.28263002509819,0.35663378872655,0.212257703792406
5,0.1,0.2,1.74305054749773,2.09159281738563,-0.4,2.10026663670467,2.10026663670467,1.32230290311417,1.32230290311417
5,0.2,0.2,1.65315350353786,1.83386608111903,-0.4,1.84270845117122,1.84270845117122,1.32428407817962,1.31857720724793
5,0.3,0.2,1.51845414366187,1.6409813215764,-0.4,1.83186359488594,1.83186359488594,1.33118035375035,1.30521231702525
5,0.1,0.4,1.4055280670553,2.74474825960702,-0.4,3.1752957628206,3.1752957628206,1.08061380192951,1.08061380192951
5,0.2,0.4,1.27421131744515,2.16155712392226,-0.4,2.37619583368912,2.37619583368912,1.07298611310564,1.05441391043004
5,0.3,0.4,1.17773917851632,1.75248939045372,-0.4,2.33946606328321,2.33946606328321,1.07457187384459,1.0312768573321
5,0.1,0.6,0.878739160444395,3.37899552412292,-0.4,3.96294364821826,3.96294364821826,0.820781476035499,0.820781476035499
5,0.2,0.6,0.895707183542069,2.47210073196542,-0.4,2.76429375251431,2.76429375251431,0.809340744572634,0.780326223957265
5,0.3,0.6,0.944032431461003,1.84053828580374,-0.4,2.70919909681411,2.70919909681411,0.811721975529487,0.745610918783594
5,0.1,0.8,0.574489537926031,4.03971127265745,-0.4,4.75059153627428,4.75059153627428,0.560859189802609,0.560859189802609
5,0.2,0.8,0.508232555478088,2.80448796621875,-0.4,3.15239167265998,3.15239167265998,0.545606029699315,0.505549104149957
5,0.3,0.8,0.465361221556574,1.94369308750815,-0.4,3.07893213160457,3.07893213160457,0.548784488923464,0.459255192502288
5,0.1,1,0.300835562893964,4.76235676331694,-0.4,5.53823942698938,5.53823942698938,0.300835562893964,0.300835562893964
5,0.2,1,0.233123635167018,3.17499057863431,-0.4,3.54048959412649,3.54048959412649,0.28177061093919,0.229769321008037
5,0.3,1,0.171896145810563,2.06784480600776,-0.4,3.44866516765497,3.44866516765497,0.285748230461652,0.171892386672062
5,0.1,0.2,0.800963192996458,1.18133993754956,-0.2,0.362586238335014,0.362586238335014,0.35947532410513,0.35947532410513
5,0.2,0.2,0.727293638377651,0.922554625099559,-0.2,0.359899246905825,0.359899246905825,0.356189324760499,0.355455813636736
5,0.3,0.2,0.592927466673516,0.723134461213709,-0.2,0.359130100950296,0.359130100950296,0.355054023194921,0.348107124652022
5,0.1,0.4,0.401631899987608,2.10892226894263,-0.2,0.360940103895783,0.360940103895783,0.357254083771691,0.357254083771691
5,0.2,0.4,0.542276939561854,1.49194079288172,-0.2,0.347772823756504,0.347772823756504,0.343000701363533,0.334594628983208
5,0.3,0.4,0.451847214921308,1.05563425327676,-0.2,0.339621679202748,0.339621679202748,0.334127154910946,0.306512322047286
5,0.1,0.6,0.354362297269942,2.99050108510615,-0.2,0.341410125877926,0.341410125877926,0.335881063445116,0.335881063445116
5,0.2,0.6,0.303559731563667,2.05494893702774,-0.2,0.3216591258811,0.3216591258811,0.314500835942044,0.301873435431764
5,0.3,0.6,0.337984637916234,1.39360837729,-0.2,0.309432375947125,0.309432375947125,0.301190415605987,0.259742502889536
5,0.1,0.8,0.314508001483719,3.89161662457191,-0.2,0.321880127822294,0.321880127822294,0.314508001483719,0.314508001483719
5,0.2,0.8,0.271399123725967,2.63230195094488,-0.2,0.295545354656153,0.295545354656153,0.286000825971239,0.269150729021851
5,0.3,0.8,0.212967230610962,1.74188582961161,-0.2,0.279242977223404,0.279242977223404,0.268253464437585,0.212965119396963
5,0.1,1,0.29313489694582,4.82322620871006,-0.2,0.302350109398276,0.302350109398276,0.29313489694582,0.29313489694582
5,0.2,1,0.25750027060797,3.23048308626206,-0.2,0.269431508903943,0.269431508903943,0.257500668240501,0.236420120350028
5,0.3,1,0.215757873004483,2.1039901968262,-0.2,0.249053481502453,0.249053481502453,0.235316296711346,0.166173540704381
5,0.1,0.2,0.520854679345425,0.917399071152584,0,0.03777522320155,0.03777522320155,0.037705612688643,0.037705612688643
5,0.2,0.2,0.471672663971263,0.670216418057785,0,0.031545866534762,0.031545866534762,0.031500125136475,0.030838723502245
5,0.3,0.2,0.343721870798021,0.475518108313677,0,0.026364434998108,0.026364434998108,0.026337072854392,0.024030467354193
5,0.1,0.4,0.114982756481688,1.94228741164381,0,0.115197864802706,0.115197864802706,0.114982756481688,0.114982756481688
5,0.2,0.4,0.096129377513562,1.32294354920926,0,0.096270726211789,0.096270726211789,0.096129377513562,0.094085534010307
5,0.3,0.4,0.073356474836073,0.880185081307497,0,0.080543709804554,0.080543709804554,0.080459156128983,0.072126446664471
5,0.1,0.6,0.172474136336011,2.92410118915163,0,0.172796798820518,0.172796798820518,0.172474136336011,0.172474136336011
5,0.2,0.6,0.144194067603278,1.99143445683224,0,0.144406090652516,0.144406090652516,0.144194067603278,0.141128302321094
5,0.3,0.6,0.110034713254238,1.32479772627865,0,0.120815565809787,0.120815565809787,0.120688735296352,0.108192968717019
5,0.1,0.8,0.22996551726631,3.9133626533388,0,0.230395733916291,0.230395733916291,0.22996551726631,0.22996551726631
5,0.2,0.8,0.192258758581887,2.66527342824268,0,0.192541455983402,0.192541455983402,0.192258758581887,0.188171071502572
5,0.3,0.8,0.146712952345865,1.77315068370805,0,0.161087422550544,0.161087422550544,0.160918315199193,0.144261702101616
5,0.1,1,0.287456899273502,4.91324089114239,0,0.287994670090946,0.287994670090946,0.287456899273502,0.287456899273502
5,0.2,1,0.240323450450153,3.34643167160352,0,0.240676822205211,0.240676822205211,0.240323450450153,0.235213841555492
5,0.3,1,0.183391192108292,2.22644098110272,0,0.201359280027457,0.201359280027457,0.201147895838136,0.180332730310323
5,0.1,0.2,0.616209576148609,1.11309531241911,0.2,0.400428770631287,0.400428770631287,0.356716933121808,0.356716933121808
5,0.2,0.2,0.543603956803781,0.894925613192805,0.2,0.390332473810636,0.390332473810636,0.349939175281278,0.349350534794861
5,0.3,0.2,0.479934501065766,0.721497518056767,0.2,0.382137220236225,0.382137220236225,0.344758064410951,0.342355244075907
5,0.1,0.4,0.455099913486277,2.14419596262871,0.2,0.382909523571295,0.382909523571295,0.353364091284815,0.353364091284815
5,0.2,0.4,0.527896921340895,1.62508145858085,0.2,0.353880131481606,0.353880131481606,0.331930589482504,0.33011145219035
5,0.3,0.4,0.464343724069931,1.21873683179795,0.2,0.330693029230202,0.330693029230202,0.313131058742182,0.306756663219402
5,0.1,0.6,0.33298591507497,3.02846203911449,0.2,0.37436428523178,0.37436428523178,0.330044793427302,0.330044793427302
5,0.2,0.6,0.421272752265538,2.24520463396521,0.2,0.330820196948735,0.330820196948735,0.29789309823284,0.295164351605591
5,0.3,0.6,0.36139682471396,1.63257297788058,0.2,0.296039543452466,0.296039543452466,0.269692640078875,0.260130815634015
5,0.1,0.8,0.310645100224461,3.92138093202598,0.2,0.365819046813094,0.365819046813094,0.306724580044406,0.306724580044406
5,0.2,0.8,0.267555393161865,2.87106436504514,0.2,0.307760262237428,0.307760262237428,0.263853723960377,0.260215340719445
5,0.3,0.8,0.216168453847547,2.04996248837495,0.2,0.261386057416528,0.261386057416528,0.226251558923987,0.213502150583107
5,0.1,1,0.283403400276801,4.82781672635593,0.2,0.357273808320688,0.357273808320688,0.283403400276801,0.283403400276801
5,0.2,1,0.234436860589875,3.5056673718318,0.2,0.284700327352761,0.284700327352761,0.229812376607889,0.225264328391748
5,0.3,1,0.170199525833029,2.47268033470369,0.2,0.226732571127023,0.226732571127023,0.182807693422387,0.166870540059216
5,0.1,0.2,1.56608295263647,2.0372354105319,0.4,1.42458596678168,1.42458596678168,1.31700954767117,1.31700954767117
5,0.2,0.2,1.48228154490234,1.81312908936682,0.4,1.41926161799764,1.41926161799764,1.31201297777839,1.31040903477596
5,0.3,0.2,1.41353806732195,1.63752872104934,0.4,1.41592004204367,1.41592004204367,1.31083496044653,1.3066567632682
5,0.1,0.4,1.31806618316899,2.81227875699605,0.4,1.15417932974637,1.15417932974637,1.07318552902251,1.07318552902251
5,0.2,0.4,1.24196701413877,2.2902934460943,0.4,1.12913407417335,1.12913407417335,1.0512072216511,1.04961700181959
5,0.3,0.4,1.17012306350366,1.88014879310851,0.4,1.10872187939292,1.10872187939292,1.03297258674349,1.02698265418038
5,0.1,0.6,0.954343831718216,3.44047432984845,0.4,0.931268850672233,0.931268850672233,0.809495735173908,0.809495735173908
5,0.2,0.6,1.05170546083822,2.64631464452058,0.4,0.893700955713527,0.893700955713527,0.776510626545385,0.774125296798117
5,0.3,0.6,0.944732670970478,2.02359398699313,0.4,0.863082655051043,0.863082655051043,0.749145464163252,0.740074255880816
5,0.1,0.8,0.54826334077736,4.08539116318157,0.4,0.708358276420531,0.708358276420531,0.54562120955022,0.54562120955022
5,0.2,0.8,0.636347229091987,3.01076235243404,0.4,0.658267734327551,0.658267734327551,0.501611937443087,0.498431497780064
5,0.3,0.8,0.546080143195848,2.16944270453777,0.4,0.617443322107884,0.617443322107884,0.46510364576522,0.452891964174698
5,0.1,1,0.284690441183993,4.76441306575535,0.4,0.485447607586963,0.485447607586963,0.281527009931184,0.281527009931184
5,0.2,1,0.227780153119477,3.39267000140915,0.4,0.422834410628481,0.422834410628481,0.226476891378543,0.222501341799764
5,0.3,1,0.165400797414458,2.32105004709646,0.4,0.371803881200885,0.371803881200885,0.180813229894253,0.165387877203328
5,0.1,0.2,3.03438593394435,3.63261827428615,0.6,3.18996953741091,3.18996953741091,2.92312011083508,2.92312011083508
5,0.2,0.2,2.98611786924611,3.41340052126516,0.6,3.18715759102947,3.18715759102947,2.92226289419706,2.92010114738184
5,0.3,0.2,2.95308873031795,3.24615889895571,0.6,3.18837154174768,3.18837154174768,2.92910805200591,2.92401097254468
5,0.1,0.4,2.61539557299299,3.99688426180408,0.6,2.50090604739014,2.50090604739014,2.2819112293373,2.2819112293373
5,0.2,0.4,2.53103606572965,3.4953470588981,0.6,2.47423772893612,2.47423772893612,2.26143101959825,2.26007780601983
5,0.3,0.4,2.45737815252021,3.10247373297187,0.6,2.45986886014734,2.45986886014734,2.2474850551812,2.24196548042028
5,0.1,0.6,2.09255547598509,4.22217861824155,0.6,1.95135840345679,1.95135840345679,1.61949203854302,1.61949203854302
5,0.2,0.6,1.9643165518308,3.44789753545931,0.6,1.91135590356696,1.91135590356696,1.58871652941767,1.58668670900754
5,0.3,0.6,1.8521478527684,2.84307101317276,0.6,1.88980258705005,1.88980258705005,1.56775871815518,1.558851812489
5,0.1,0.8,0.95785208703253,4.45793195213575,0.6,1.40181030744319,1.40181030744319,0.954743487949456,0.954743487949456
5,0.2,0.8,1.07312564078038,3.39201750188142,0.6,1.34847361191225,1.34847361191225,0.913558968581886,0.910750485095452
5,0.3,0.8,1.20819317982162,2.56280344108046,0.6,1.31973583948974,1.31973583948974,0.885522682076211,0.872764559399914
5,0.1,1,0.28909312978436,4.73946681353809,0.6,0.852261746322158,0.852261746322158,0.286795929181701,0.286795929181701
5,0.2,1,0.233945111862035,3.33208051763285,0.6,0.785590841830735,0.785590841830735,0.235105959901555,0.230276786418182
5,0.3,1,0.254530963257131,2.24436648570375,0.6,0.749668606466474,0.749668606466474,0.199933686599989,0.182642899074763
5,0.1,0.2,5.37151478307508,5.97366420127178,0.8,5.75108757333078,5.75108757333078,5.19365311315528,5.19365311315528
5,0.2,0.2,5.32284680917133,5.77456939886658,0.8,5.74903425268351,5.74903425268351,5.19928718553606,5.19893330195196
5,0.3,0.2,5.29625262711122,5.6289086352932,0.8,5.75281612318577,5.75281612318577,5.21806909894703,5.21494750554041
5,0.1,0.4,4.68267213645562,5.83915967996031,0.8,4.56526848531717,4.56526848531717,4.01124946055198,4.01124946055198
5,0.2,0.4,4.59331075440045,5.39536823801441,0.8,4.54167397452709,4.54167397452709,3.99426637941891,3.99316143590514
5,0.3,0.4,4.52199311773033,5.05218171151312,0.8,4.53627473528686,4.53627473528686,3.98828307777738,3.9842459230313
5,0.1,0.6,3.6565458578927,5.58118595261951,0.8,3.64790248991776,3.64790248991776,2.79825103110763,2.79825103110763
5,0.2,0.6,3.53133473641747,4.87612776099789,0.8,3.61251071937751,3.61251071937751,2.77271568477906,2.77105826918799
5,0.3,0.6,3.42937648596614,4.33049916042404,0.8,3.60441185866133,3.60441185866133,2.76369874131808,2.75764299902343
5,0.1,0.8,2.05521675262902,5.27349284119022,0.8,2.73053633595541,2.73053633595541,1.570976814364,1.570976814364
5,0.2,0.8,2.47412817244774,4.28249044184819,0.8,2.68334730277177,2.68334730277177,1.53646379473392,1.53425390770638
5,0.3,0.8,2.32660115046528,3.52130861424364,0.8,2.67254881954101,2.67254881954101,1.52424039415798,1.51616606899962
5,0.1,1,0.324591743748391,4.91529347008717,0.8,1.81317002448157,1.81317002448157,0.320163095119899,0.320163095119899
5,0.2,1,0.275769384545077,3.51218711778173,0.8,1.75418372622722,1.75418372622722,0.276365227067363,0.272731447071836
5,0.3,1,0.344428013394892,2.45216425032241,0.8,1.74068561996199,1.74068561996199,0.260855970584205,0.244857694828553
5,0.1,0.2,8.53135524262723,9.20818991569605,1,8.6671349383603,8.6671349383603,8.17737980317662,8.16075032595009
5,0.2,0.2,8.48723228411653,9.04907235140261,1,8.70322751453666,8.70322751453666,8.19168459961251,8.19141759827029
5,0.3,0.2,8.47056515298681,8.94000419182355,1,8.74833652430068,8.74833652430068,8.22579288460115,8.22479048910456
5,0.1,0.4,7.8064259219292,8.6457784988964,1,6.76661901815341,6.76661901815341,6.35323251449752,6.24166591845676
5,0.2,0.4,7.71905245017678,8.29703691676492,1,6.78805421552056,6.78805421552056,6.34168234070292,6.24821387979141
5,0.3,0.4,7.65858711519753,8.03544649049314,1,6.83453887556994,6.83453887556994,6.34703145327181,6.27133706037834
5,0.1,0.6,6.43370584853396,7.99770778900936,1,5.149729800332,5.149729800332,4.46614650450438,4.34233015536675
5,0.2,0.6,6.32264121494338,7.43559405183039,1,5.18188179398521,5.18188179398521,4.44878791515221,4.35214402818303
5,0.3,0.6,6.24140985431595,7.00658758492797,1,5.25160927945417,5.25160927945417,4.45677107245896,4.38683910296978
5,0.1,0.8,3.78518204748918,7.18232640699066,1,3.53269861248803,3.53269861248803,2.51863889012732,2.42486974135138
5,0.2,0.8,4.97385097428002,6.38238563681726,1,3.57556636776518,3.57556636776518,2.49452803875047,2.43769940711242
5,0.3,0.8,4.85686696112298,5.77755078952727,1,3.66853768630079,3.66853768630079,2.50510364635137,2.48396759246843
5,0.1,1,0.461835731333918,6.17595079312737,1,1.91549580983996,1.91549580983996,0.447080433441483,0.447080433441483
5,0.2,1,0.797568504539551,4.94182852561053,1,1.96908049792188,1.96908049792188,0.415750406161333,0.413635464746096
5,0.3,1,0.82236823875153,4.03900619336133,1,2.08529886362706,2.08529886362706,0.429518914324479,0.421578846321343
6,0.1,0.2,9.42298570253208,9.5319987196341,-1,9.16165258736126,9.16165258736126,8.14252584511304,8.14252533419158
6,0.2,0.2,9.32828553078901,9.40911513211415,-1,9.19983997624316,9.19983997624316,8.18090625003811,8.17708739054133
6,0.3,0.2,9.26936761080844,9.32713730174497,-1,9.24194467526106,9.24194467526106,8.23694289334059,8.22574202201859
6,0.1,0.4,8.6934943582142,9.11428679179593,-1,8.51357030541145,8.51357030541145,6.24009598296333,6.24000618352535
6,0.2,0.4,8.58322292879971,8.88620554822571,-1,8.5279154166553,8.5279154166553,6.26171608604338,6.24945233746493
6,0.3,0.4,8.51498264082461,8.73068567807216,-1,8.54962740523487,8.54962740523487,6.30575002219272,6.26967139922451
6,0.1,0.6,7.59871445523357,8.64490940617098,-1,7.77010134314068,7.77010134314068,4.32222273303025,4.3219629469855
6,0.2,0.6,7.51570864492264,8.29226440978261,-1,7.79162143195724,7.79162143195724,4.35459920048186,4.33604413382222
6,0.3,0.6,7.46295570326361,8.05083969258486,-1,7.82423153151832,7.82423153151832,4.42077389257213,4.36639460666673
6,0.1,0.8,4.38736164704894,7.87465733843116,-1,7.0264577778518,7.0264577778518,2.37563339379634,2.37534458478851
6,0.2,0.8,6.33293090344117,7.30990695692997,-1,7.05515507202877,7.05515507202877,2.41916097122332,2.39447706539578
6,0.3,0.8,6.23051697738899,6.92554689253747,-1,7.09869171025029,7.09869171025029,2.50817610371785,2.43563633285926
6,0.1,1,0.577239062898531,5.3743106406679,-1,6.28262703033623,6.28262703033623,0.384727156543847,0.384727156543847
6,0.2,1,0.514103949809536,4.1906053157552,-1,6.31850362718604,6.31850362718604,0.439746003305596,0.40899350270441
6,0.3,1,0.836284623738486,3.41378176756287,-1,6.37299753633436,6.37299753633436,0.552286098772516,0.460888063334749
6,0.1,0.2,5.92207333645287,6.12208552066372,-0.8,6.25507505288975,6.25507505288975,5.20140062929503,5.20140062929503
6,0.2,0.2,5.78543459457319,5.93433094899808,-0.8,6.26394978237031,6.26394978237031,5.2266360781598,5.22331985207739
6,0.3,0.2,5.69517797316936,5.80084694518616,-0.8,6.2726716361442,6.2726716361442,5.26335079782744,5.24373374840886
6,0.1,0.4,5.10061861729499,5.91836588050033,-0.8,6.33252470551895,6.33252470551895,3.9863576106523,3.9863576106523
6,0.2,0.4,4.9835563654626,5.56331699263695,-0.8,6.32066933379055,6.32066933379055,3.99734172912471,3.98693013431835
6,0.3,0.4,4.92321697889784,5.31039589209333,-0.8,6.30759666177126,6.30759666177126,4.02438245338344,3.99167595112435
6,0.1,0.6,4.11117273173549,5.66070225794825,-0.8,6.29878738545917,6.29878738545917,2.77138886743318,2.77138886743318
6,0.2,0.6,3.98431696133592,5.0899995749935,-0.8,6.28100425863067,6.28100425863067,2.78785487434624,2.7722254691005
6,0.3,0.6,3.89213593398432,4.68676309137069,-0.8,6.26139517754367,6.26139517754367,2.82846269515259,2.77935872468974
6,0.1,0.8,1.74927803991223,5.33142051249803,-0.8,6.26505028409265,6.26505028409265,1.55058030489171,1.55058030489171
6,0.2,0.8,2.11076109116769,4.48062977998223,-0.8,6.24133935591989,6.24133935591989,1.57259202370658,1.55173877813501
6,0.3,0.8,2.82503113173829,3.88477121713692,-0.8,6.2151938169682,6.2151938169682,1.62689356167555,1.56122882121887
6,0.1,1,0.368654456130058,4.7177717423584,-0.8,6.23131340440249,6.23131340440249,0.322067835246092,0.322067835246092
6,0.2,1,0.29572666377183,3.38457590685143,-0.8,6.20167462803782,6.20167462803782,0.349666597203271,0.291648564312159
6,0.3,1,0.265902207819983,2.46101434721222,-0.8,6.16899258178771,6.16899258178771,0.417771629065317,0.24751405365974
6,0.1,0.2,3.44368894271316,3.71356269217978,-0.6,3.93617407526282,3.93617407526282,2.9421450507359,2.9421450507359
6,0.2,0.2,3.2881950880749,3.48799366852295,-0.6,3.92278423890574,3.92278423890574,2.95600150200865,2.93685836801653
6,0.3,0.2,3.178997922725,3.31978146509207,-0.6,3.90661762550673,3.90661762550673,2.97646766855969,2.92374714247187
6,0.1,0.4,2.79387533629542,3.90462732504997,-0.6,4.59104575267483,4.59104575267483,2.28117963294167,2.28117963294167
6,0.2,0.4,2.67996540575112,3.46147969262731,-0.6,4.55504853531895,4.55504853531895,2.28294521534519,2.27460501227691
6,0.3,0.4,2.59021505937037,3.13716238619735,-0.6,4.51045317188565,4.51045317188565,2.29552049877446,2.25954975722381
6,0.1,0.6,1.87993895434046,4.09946027306635,-0.6,5.08656863193397,5.08656863193397,1.62073403996682,1.62073403996682
6,0.2,0.6,2.12640718383944,3.39390697940827,-0.6,5.0325728057923,5.0325728057923,1.62337997005745,1.60822773795103
6,0.3,0.6,1.99826716202622,2.88252320276004,-0.6,4.96567976050854,4.96567976050854,1.64225135463034,1.57590822488855
6,0.1,0.8,0.994260801802228,4.31544688325462,-0.6,5.58209151314101,5.58209151314101,0.959571283734681,0.959571283734681
6,0.2,0.8,0.9436139372141,3.31103167229643,-0.6,5.51009707814165,5.51009707814165,0.963100404437892,0.925490733504775
6,0.3,0.8,1.2801500444779,2.58726704528268,-0.6,5.42090635091821,5.42090635091821,0.988279163641345,0.88220088799665
6,0.1,1,0.297578341873853,4.57800066352108,-0.6,6.07761439629655,6.07761439629655,0.297578341873853,0.297578341873853
6,0.2,1,0.231942988860097,3.19086210955089,-0.6,5.98762135236757,5.98762135236757,0.301991452703261,0.227937474795887
6,0.3,1,0.174395204478011,2.19627732835726,-0.6,5.87613294311521,5.87613294311521,0.333487628989688,0.173530316478411
6,0.1,0.2,1.79164345785173,2.10815898637689,-0.4,2.31308618804304,2.31308618804304,1.33424259455516,1.33424259455516
6,0.2,0.2,1.63213945850996,1.8651064216748,-0.4,2.27614585471691,2.27614585471691,1.33885246369863,1.32463030380452
6,0.3,0.2,1.5135556177697,1.67685215759687,-0.4,2.21475807832417,2.21475807832417,1.34671159440179,1.30664445828474
6,0.1,0.4,1.37835570053818,2.69259873265119,-0.4,3.37287920733521,3.37287920733521,1.0738001693582,1.0738001693582
6,0.2,0.4,1.27323542652373,2.19108375407064,-0.4,3.31501306214522,3.31501306214522,1.06797280266802,1.05325129136903
6,0.3,0.4,1.18475101701823,1.81744843679877,-0.4,3.17950528027154,3.17950528027154,1.069006882289,1.02713712763755
6,0.1,0.6,0.838685762195041,3.28992112809025,-0.4,4.25937696114745,4.25937696114745,0.810656509703759,0.810656509703759
6,0.2,0.6,0.88583125022582,2.51115370773836,-0.4,4.17254824555161,4.17254824555161,0.801914817697953,0.778056105112861
6,0.3,0.6,0.957494245483259,1.93486792061386,-0.4,3.96928521690587,3.96928521690587,0.803466071033457,0.738812957746226
6,0.1,0.8,0.568457218136719,3.91998909560719,-0.4,5.14591368216626,5.14591368216626,0.547483441056763,0.547483441056763
6,0.2,0.8,0.504908801371246,2.84767930315426,-0.4,5.03010262927841,5.03010262927841,0.535826992586838,0.501541977897369
6,0.3,0.8,0.527371224134461,2.05619082073104,-0.4,4.75908344529692,4.75908344529692,0.537895510001474,0.449110967902231
6,0.1,1,0.284279337130561,4.62005557177199,-0.4,6.03249079306648,6.03249079306648,0.284279337130561,0.284279337130561
6,0.2,1,0.227253557429192,3.2207185441809,-0.4,5.88767691432052,5.88767691432052,0.269707677599326,0.223326242014106
6,0.3,1,0.157642735009046,2.19014977657493,-0.4,5.54890063326833,5.54890063326833,0.272293554753438,0.157636155941875
6,0.1,0.2,0.853875133008061,1.19752281411061,-0.2,0.369618169393775,0.369618169393775,0.368688157629729,0.368688157629729
6,0.2,0.2,0.70106523030764,0.952393171835333,-0.2,0.367459365931868,0.367459365931868,0.366277565576931,0.365018917168098
6,0.3,0.2,0.581365088253277,0.756574860328978,-0.2,0.36667188615974,0.36667188615974,0.365318086008311,0.353767396856737
6,0.1,0.4,0.464625737665384,2.04940397266541,-0.2,0.352433937739929,0.352433937739929,0.349560141755149,0.349560141755149
6,0.2,0.4,0.536155827550749,1.51776964831345,-0.2,0.341472281232624,0.341472281232624,0.337820401019176,0.333944652449531
6,0.3,0.4,0.450112452664979,1.11654855855762,-0.2,0.334534257405563,0.334534257405563,0.330350846429405,0.308181111803859
6,0.1,0.6,0.351042700354439,2.90386257369191,-0.2,0.328650891899591,0.328650891899591,0.324340196534211,0.324340196534211
6,0.2,0.6,0.308800739234747,2.09501312994434,-0.2,0.312208402179667,0.312208402179667,0.306730580062194,0.300916954027956
6,0.3,0.6,0.332883523570387,1.48558629038312,-0.2,0.301801363369262,0.301801363369262,0.295526244835611,0.262199816795541
6,0.1,0.8,0.299120240575219,3.77835129033502,-0.2,0.304867836247183,0.304867836247183,0.299120240575219,0.299120240575219
6,0.2,0.8,0.278332699847512,2.68550325362468,-0.2,0.282944510006863,0.282944510006863,0.27564074478646,0.267889239165573
6,0.3,0.8,0.21952022966164,1.86277066364252,-0.2,0.269068454165468,0.269068454165468,0.260701626693869,0.216167101930755
6,0.1,1,0.273900273837897,4.68778105360563,-0.2,0.281084770745916,0.281084770745916,0.273900273837897,0.273900273837897
6,0.2,1,0.244550834673878,3.29848838905052,-0.2,0.253680604664983,0.253680604664983,0.244550895138196,0.234861507791429
6,0.3,1,0.174392791648298,2.2536264956512,-0.2,0.236335529737261,0.236335529737261,0.225876991941994,0.170076165988814
6,0.1,0.2,0.576387715151347,0.933204746536887,0,0.044854885285735,0.044854885285735,0.043945287891066,0.043945287891066
6,0.2,0.2,0.438189530489897,0.697359551719397,0,0.037859412911041,0.037859412911041,0.03675287817762,0.036170417234374
6,0.3,0.2,0.32476658077332,0.504288443294378,0,0.031981842529423,0.031981842529423,0.030784894150792,0.026150343925669
6,0.1,0.4,0.105977047890417,1.87926911624844,0,0.108787814934892,0.108787814934892,0.105977047890417,0.105977047890417
6,0.2,0.4,0.090010112926152,1.34078989232061,0,0.0934294826674,0.0934294826674,0.090010112926152,0.088210190976982
6,0.3,0.4,0.070897832483719,0.928641767373673,0,0.080789335049885,0.080789335049885,0.077090553008883,0.062779260012214
6,0.1,0.6,0.15896608567488,2.83132202141098,0,0.163182237202876,0.163182237202876,0.15896608567488,0.15896608567488
6,0.2,0.6,0.135015598975794,2.01919737111735,0,0.140144654219331,0.140144654219331,0.135015598975794,0.132315706918435
6,0.3,0.6,0.106347076543743,1.39802365962291,0,0.121184362511579,0.121184362511579,0.115636189072219,0.094169212368873
6,0.1,0.8,0.211955466640296,3.79149818386624,0,0.217577003293832,0.217577003293832,0.211955466640296,0.211955466640296
6,0.2,0.8,0.180021371936034,2.70343510420608,0,0.186860113103732,0.186860113103732,0.180021371936034,0.17642150367037
6,0.3,0.8,0.141796539545683,1.87146470406981,0,0.161579630366422,0.161579630366422,0.154182065276343,0.125559380042214
6,0.1,1,0.264945195197412,4.7636590904949,0,0.271972117626759,0.271972117626759,0.264945195197412,0.264945195197412
6,0.2,1,0.225027435494402,3.39583835253519,0,0.233575863013558,0.233575863013558,0.225027435494402,0.220527584841914
6,0.3,1,0.177246224303498,2.35034042237827,0,0.201975141704078,0.201975141704078,0.192728184707675,0.156949765820823
6,0.1,0.2,0.674689308481685,1.09192075042237,0.2,0.422488385009757,0.422488385009757,0.359962049311263,0.359962049311263
6,0.2,0.2,0.591105459065618,0.860827898880545,0.2,0.411688489771613,0.411688489771613,0.350232040534317,0.349662109306856
6,0.3,0.2,0.525302560061195,0.679777763632711,0.2,0.402420164791784,0.402420164791784,0.343070447109796,0.340012493361126
6,0.1,0.4,0.534278751436549,1.94965237230556,0.2,0.406663091024688,0.406663091024688,0.342966402817086,0.342966402817086
6,0.2,0.4,0.481529044592182,1.43700272616918,0.2,0.381107240347193,0.381107240347193,0.324464106853931,0.322702229709626
6,0.3,0.4,0.409475887521712,1.02338041338452,0.2,0.360075058508208,0.360075058508208,0.309153581647274,0.29970648481549
6,0.1,0.6,0.314442079774695,2.74469780000066,0.2,0.409994630388989,0.409994630388989,0.314441021713483,0.314441021713483
6,0.2,0.6,0.286727875878237,1.96979207295184,0.2,0.371660843929856,0.371660843929856,0.286683487776466,0.284040325100591
6,0.3,0.6,0.386256714791531,1.34476101978937,0.2,0.340112562830166,0.340112562830166,0.263714104155355,0.249542243103581
6,0.1,0.8,0.285911462637226,3.55109210872636,0.2,0.413326165652477,0.413326165652477,0.285909556031829,0.285909556031829
6,0.2,0.8,0.248895884253666,2.51046398493102,0.2,0.362214436446186,0.362214436446186,0.248894084046152,0.24536940662573
6,0.3,0.8,0.206242943750999,1.67129508709995,0.2,0.32015005052211,0.32015005052211,0.21826347946,0.199366050957082
6,0.1,1,0.257371673392674,4.3770650978112,0.2,0.416657696800132,0.416657696800132,0.257371673392674,0.257371673392674
6,0.2,1,0.211098168004116,3.06483130504699,0.2,0.352768017855646,0.352768017855646,0.211095313424863,0.206688870963903
6,0.3,1,0.157773577439825,2.00694322634808,0.2,0.300187521523124,0.300187521523124,0.172800900553463,0.149177027461656
6,0.1,0.2,1.57971438741953,2.02180446042325,0.4,1.41666978951157,1.41666978951157,1.31786897741563,1.31786897741563
6,0.2,0.2,1.49640419501007,1.78210218493798,0.4,1.41410770629294,1.41410770629294,1.3078738801857,1.30731803996637
6,0.3,0.2,1.4361382778362,1.6049372811404,0.4,1.41405094365294,1.41405094365294,1.30335092118624,1.30147265277756
6,0.1,0.4,1.30055119219978,2.67810700956793,0.4,1.17961385227959,1.17961385227959,1.06233220412973,1.06233220412973
6,0.2,0.4,1.20840670483922,2.11725289889282,0.4,1.15740585519575,1.15740585519575,1.04302811388791,1.04130898647367
6,0.3,0.4,1.13359538365954,1.71937856775739,0.4,1.14245304255804,1.14245304255804,1.02841577667712,1.02260065346126
6,0.1,0.6,0.793172515167624,3.25389839085821,0.4,0.969419908928805,0.969419908928805,0.792831961142613,0.792831961142613
6,0.2,0.6,0.961844102446647,2.3982645398119,0.4,0.9361078644569,0.9361078644569,0.763842514050614,0.761261538033477
6,0.3,0.6,0.888653986455588,1.79015748014687,0.4,0.913678605690117,0.913678605690117,0.741893967871857,0.733164339458552
6,0.1,0.8,0.522860877689287,3.84871519881717,0.4,0.759225385221385,0.759225385221385,0.522852484653442,0.522852484653442
6,0.2,0.8,0.484588918238396,2.68900033139968,0.4,0.714809260758196,0.714809260758196,0.484161312535276,0.480717228201707
6,0.3,0.8,0.598792544080041,1.86345950426803,0.4,0.684903529290321,0.684903529290321,0.454864589520732,0.443214133384122
6,0.1,1,0.252323464564099,4.48532992529524,0.4,0.549030276218804,0.549030276218804,0.252310469183894,0.252310469183894
6,0.2,1,0.203899387982946,3.00318111880947,0.4,0.493510038883664,0.493510038883664,0.203894034181811,0.199585149651375
6,0.3,1,0.152660132002471,1.94601410765002,0.4,0.456127807916552,0.456127807916552,0.167229620345099,0.152651306112236
6,0.1,0.2,3.22453802396639,3.62616725240707,0.6,3.21860648738014,3.21860648738014,2.92532994358553,2.92532994358553
6,0.2,0.2,3.13574283381451,3.39896010178987,0.6,3.21838600555139,3.21838600555139,2.91738454326746,2.91684680303997
6,0.3,0.2,3.05902581550211,3.23670967200672,0.6,3.22192290910235,3.22192290910235,2.91932002729057,2.91752623140294
6,0.1,0.4,2.64672350017791,3.86952429572021,0.6,2.61765399701246,2.61765399701246,2.27641388171324,2.27641388171324
6,0.2,0.4,2.54940869767943,3.3576598012489,0.6,2.59656106328905,2.59656106328905,2.25814156150348,2.25647336525969
6,0.3,0.4,2.47472068261119,2.99993761715402,0.6,2.58673125632852,2.58673125632852,2.24737372765485,2.24178874628163
6,0.1,0.6,2.02466769154105,4.05644911088211,0.6,2.12647990115604,2.12647990115604,1.60831066057719,1.60831066057719
6,0.2,0.6,1.95989621338212,3.25279728236731,0.6,2.0948404740174,2.0948404740174,1.58074671607222,1.57824380258881
6,0.3,0.6,1.85046455375376,2.6902012617079,0.6,2.08009574926959,2.08009574926959,1.56444463086272,1.55605140294775
6,0.1,0.8,0.938073607335717,4.24944896661122,0.6,1.63530507509711,1.63530507509711,0.935592305947437,0.935592305947437
6,0.2,0.8,1.28077305711583,3.13626829415551,0.6,1.59311913682565,1.59311913682565,0.898702423875776,0.895356214706161
6,0.3,0.8,1.17687140885376,2.35354120477236,0.6,1.57345948474432,1.57345948474432,0.87687246482526,0.86563260483415
6,0.1,1,0.25671610280927,4.4786152210333,0.6,1.14412951439003,1.14412951439003,0.256682135237255,0.256682135237255
6,0.2,1,0.210351312777833,3.00536932258574,0.6,1.09139704716029,1.09139704716029,0.210368477665103,0.206151348240847
6,0.3,1,0.169878094511421,1.96461806310296,0.6,1.06682245814111,1.06682245814111,0.182944263415177,0.168809684821906
6,0.1,0.2,5.64948067678845,6.00194461802664,0.8,5.86427664581505,5.86427664581505,5.20990543278696,5.20990543278696
6,0.2,0.2,5.56217528899281,5.80455190838912,0.8,5.86103632892614,5.86103632892614,5.20627363332129,5.20577154335977
6,0.3,0.2,5.49571221901176,5.66993584788665,0.8,5.86294396881443,5.86294396881443,5.21822510080331,5.2165634446261
6,0.1,0.4,4.82890771854634,5.79435209226823,0.8,4.83797332227822,4.83797332227822,4.03035384033305,4.01168884729853
6,0.2,0.4,4.72609118813345,5.36793259050418,0.8,4.81773682289109,4.81773682289109,4.01511506414079,4.01353423828445
6,0.3,0.4,4.65504313920642,5.07672777848969,0.8,4.81336840123239,4.81336840123239,4.01138183728778,4.00612316286051
6,0.1,0.6,3.78618985827605,5.48846470819902,0.8,4.05695995931443,4.05695995931443,2.81348415482411,2.81348415482411
6,0.2,0.6,3.67434225719713,4.79343832013957,0.8,4.02660520992377,4.02660520992377,2.79008520715799,2.78769468213894
6,0.3,0.6,3.56682361098923,4.31739848624144,0.8,4.02005257736479,4.02005257736479,2.78392318909825,2.77599454721813
6,0.1,0.8,1.5862913592135,5.13325630822077,0.8,3.27594658028045,3.27594658028045,1.57239670068001,1.57239670068001
6,0.2,0.8,2.36699208788979,4.13200709078639,0.8,3.23547358067961,3.23547358067961,1.5408714896882,1.53766345951513
6,0.3,0.8,2.36755673275541,3.4380033643551,0.8,3.22673673717305,3.22673673717305,1.53253910282714,1.52189208117557
6,0.1,1,0.293758573838643,4.63992373353221,0.8,2.49493318516502,2.49493318516502,0.293586067934358,0.293586067934358
6,0.2,1,0.253624586174878,3.2056505334418,0.8,2.44434193514718,2.44434193514718,0.253647795591957,0.249571890388378
6,0.3,1,0.236882235449354,2.20318423484039,0.8,2.43342088064573,2.43342088064573,0.243043715674436,0.229388270912004
6,0.1,0.2,8.2309001805316,9.31856060022521,1,8.77440161002066,8.77440161002066,8.2309001805316,8.16995657498346
6,0.2,0.2,8.23421717171043,9.1726926037722,1,8.804300013932,8.804300013932,8.23361817144851,8.21433086326158
6,0.3,0.2,8.27251075463621,9.0794674637874,1,8.84299058836406,8.84299058836406,8.25848707827717,8.25700675339751
6,0.1,0.4,7.90345858573552,8.77307936561922,1,7.02249246494861,7.02249246494861,6.44645391285293,6.22386251219389
6,0.2,0.4,7.81462691843317,8.46694937484075,1,7.03412484718787,7.03412484718787,6.43634635038075,6.240962745616
6,0.3,0.4,7.7609843033705,8.26554038679336,1,7.07061531690803,7.07061531690803,6.44257533882642,6.26710226839158
6,0.1,0.6,6.83648078026885,8.10848863187233,1,5.53359527273501,5.53359527273501,4.55595892844402,4.31712594058538
6,0.2,0.6,6.74654608468422,7.60020354471643,1,5.55104479673449,5.55104479673449,4.53940506552484,4.34258603193996
6,0.3,0.6,6.68373835864159,7.26297513326771,1,5.60578256305532,5.60578256305532,4.5472462575934,4.3816471985775
6,0.1,0.8,4.89409459312818,7.17901759424665,1,4.04460190586847,4.04460190586847,2.57451189135669,2.39732838281976
6,0.2,0.8,5.13763096800457,6.39866583415597,1,4.06786920883522,4.06786920883522,2.55191533878418,2.43131626162873
6,0.3,0.8,5.03817867553359,5.86633873746703,1,4.14085565414461,4.14085565414461,2.56260333889287,2.48355222840441
6,0.1,1,0.424905864386453,5.56479645251792,1,2.55550850460813,2.55550850460813,0.423653069373621,0.423653069373621
6,0.2,1,0.426797036180177,4.26879993029608,1,2.58459424945199,2.58459424945199,0.394378862521878,0.390576465267843
6,0.3,1,1.12597834793905,3.37524856039211,1,2.67583081179074,2.67583081179074,0.408164387545716,0.395624600543663
7,0.1,0.2,9.16338791875909,9.62240328246369,-1,8.8342370635514,8.8342370635514,8.22549261205823,8.15582590088997
7,0.2,0.2,9.06754465022673,9.50797484362182,-1,8.87395360925437,8.87395360925437,8.23088097443868,8.19752652431325
7,0.3,0.2,9.01220956153324,9.43202935484692,-1,8.92218991987517,8.92218991987517,8.25980843782341,8.24879674485233
7,0.1,0.4,8.13062906910633,9.26228659948599,-1,8.18408674429024,8.18408674429024,6.43222919039117,6.21401469181403
7,0.2,0.4,8.04548485507684,9.04926431119781,-1,8.18031349304656,8.18031349304656,6.42919718541841,6.22550945250882
7,0.3,0.4,7.99186675682706,8.90680533031815,-1,8.18467077207058,8.18467077207058,6.44729140270325,6.240399221531
7,0.1,0.6,7.97051338250956,8.85149501567303,-1,7.27186940392011,7.27186940392011,4.52892296144662,4.29774671684616
7,0.2,0.6,7.91228062476146,8.53176028679833,-1,7.26615994370843,7.26615994370843,4.5236604869446,4.3147988496081
7,0.3,0.6,7.87725184473764,8.31569522293178,-1,7.27266826389685,7.27266826389685,4.55046649255075,4.33693714530161
7,0.1,0.8,3.88426167527289,8.11961616038369,-1,6.35629946120409,6.35629946120409,2.53493319952731,2.36468151235964
7,0.2,0.8,6.82486233314146,7.6036487699341,-1,6.34874661885464,6.34874661885464,2.52887569579954,2.38749996740758
7,0.3,0.8,6.72649886624192,7.2534334244444,-1,6.35751531398082,6.35751531398082,2.56658932027496,2.41719465764103
7,0.1,1,0.3964384446456,5.51384651583608,-1,5.43665843610828,5.43665843610828,0.37994580321872,0.37994580321872
7,0.2,1,0.530581944311906,4.32306442299996,-1,5.42730150674978,5.42730150674978,0.374036072984613,0.366107251715042
7,0.3,1,0.6685645118682,3.53104177226389,-1,5.43839072817578,5.43839072817578,0.424581241996769,0.370677312814315
7,0.1,0.2,5.7513348339126,6.1618554267548,-0.8,5.92966094193615,5.92966094193615,5.20639857716025,5.20639857716025
7,0.2,0.2,5.6341833756024,5.96839883166702,-0.8,5.94940221585533,5.94940221585533,5.20521520530944,5.20460717940591
7,0.3,0.2,5.56201778475869,5.83295051744288,-0.8,5.9720380383962,5.9720380383962,5.22092084001889,5.21619357778765
7,0.1,0.4,4.80463534092656,5.94372790159599,-0.8,5.99862262865731,5.99862262865731,4.02169513776011,3.99488031809579
7,0.2,0.4,4.71763754690291,5.5790203628808,-0.8,5.9777049615691,5.9777049615691,4.01261657644503,3.99768110501217
7,0.3,0.4,4.6557786977232,5.32658495236679,-0.8,5.9570056728686,5.9570056728686,4.01954785164223,3.99841890394029
7,0.1,0.6,4.38117672792941,5.67365990024643,-0.8,5.79791669158939,5.79791669158939,2.7996662533612,2.78810237554101
7,0.2,0.6,4.244748562466,5.09883828741482,-0.8,5.76652842735936,5.76652842735936,2.78576154095823,2.78266752133719
7,0.3,0.6,4.1449855679856,4.70096827957479,-0.8,5.73546679348376,5.73546679348376,2.79601288252061,2.77302723402878
7,0.1,0.8,1.83390793258952,5.33450720868401,-0.8,5.59716091719947,5.59716091719947,1.55388882949471,1.55388882949471
7,0.2,0.8,2.25230293117135,4.48511403546056,-0.8,5.55529912076575,5.55529912076575,1.53555649943971,1.5312353473382
7,0.3,0.8,3.00312530293165,3.89609247831962,-0.8,5.51387172485949,5.51387172485949,1.54973672469727,1.51847386268745
7,0.1,1,0.273236525632057,4.67298030577032,-0.8,5.39636964452445,5.39636964452445,0.271413062563325,0.271413062563325
7,0.2,1,0.246708913845334,3.29419700712186,-0.8,5.34402807842444,5.34402807842444,0.248820210704763,0.241866351509452
7,0.3,1,0.256098066542553,2.34076280314662,-0.8,5.2922280425784,5.2922280425784,0.267342311242968,0.223857067795954
7,0.1,0.2,3.31043760452991,3.73359300438034,-0.6,3.67464745069047,3.67464745069047,2.92247909755201,2.92247909755201
7,0.2,0.2,3.18424923591718,3.49324460081535,-0.6,3.67646720829097,3.67646720829097,2.91657312476299,2.91603207349042
7,0.3,0.2,3.10009245846991,3.31808884355845,-0.6,3.65949764498004,3.65949764498004,2.92164340928424,2.91705608719783
7,0.1,0.4,2.83850807865057,3.8704104563722,-0.6,4.30721580053769,4.30721580053769,2.26908548543854,2.26908548543854
7,0.2,0.4,2.72703101313214,3.40528936887605,-0.6,4.27062904747095,4.27062904747095,2.25569886944239,2.2540753700234
7,0.3,0.4,2.64019711050191,3.07692610362054,-0.6,4.17332978037969,4.17332978037969,2.25357882914676,2.23933796679906
7,0.1,0.6,1.92397665095956,4.03254321596841,-0.6,4.66088530004208,4.66088530004208,1.59722844172658,1.59722844172658
7,0.2,0.6,2.17202843744421,3.29896984016926,-0.6,4.60600293300633,4.60600293300633,1.57708122996834,1.57466783433151
7,0.3,0.6,2.05334665897503,2.78217208958697,-0.6,4.46005126050923,4.46005126050923,1.57387922663044,1.5524913254398
7,0.1,0.8,0.921317813411838,4.22693754812101,-0.6,5.01459613641308,5.01459613641308,0.920883376121341,0.920883376121341
7,0.2,0.8,1.02131488460096,3.18751406329775,-0.6,4.94141665395176,4.94141665395176,0.894032122987239,0.890587331965049
7,0.3,0.8,1.17296683743851,2.45480755943921,-0.6,4.74681071596052,4.74681071596052,0.88984629349705,0.860847511044139
7,0.1,1,0.238465483949871,4.49128503338466,-0.6,5.36835023104926,5.36835023104926,0.238465483949871,0.238465483949871
7,0.2,1,0.203884151688892,3.0389160669312,-0.6,5.27687206191585,5.27687206191585,0.204918295511886,0.199961937114055
7,0.3,1,0.175456300535324,2.01443596147946,-0.6,5.03360991188255,5.03360991188255,0.199806614098887,0.161563156120751
7,0.1,0.2,1.6643648315158,2.12585320776137,-0.4,1.42510603999233,1.42510603999233,1.31486765744066,1.31486765744066
7,0.2,0.2,1.5388383853359,1.86269364220256,-0.4,1.4265111296246,1.4265111296246,1.30634040528352,1.30583583614449
7,0.3,0.2,1.44976103611349,1.66466260488725,-0.4,1.42977089401061,1.42977089401061,1.30407857442764,1.29988835204378
7,0.1,0.4,1.38807028871138,2.63572767450839,-0.4,1.13187813608971,1.13187813608971,1.05466168398987,1.05466168398987
7,0.2,0.4,1.28365091071379,2.10388514800481,-0.4,1.12857400470757,1.12857400470757,1.03873709581944,1.03718053750238
7,0.3,0.4,1.19832363492599,1.72351811199547,-0.4,1.13092962897459,1.13092962897459,1.03021381572903,1.01725783327934
7,0.1,0.6,0.840381203660703,3.2026961726109,-0.4,0.897817364439035,0.897817364439035,0.781322993127789,0.781322993127789
7,0.2,0.6,0.899191300443825,2.38183404021705,-0.4,0.892861162128561,0.892861162128561,0.757422866961714,0.755071325285593
7,0.3,0.6,0.966116046480535,1.79610728644572,-0.4,0.896394586276977,0.896394586276977,0.744633600462161,0.725157800772949
7,0.1,0.8,0.507588995277284,3.81273103330329,-0.4,0.663756699694695,0.663756699694695,0.507522434058447,0.507522434058447
7,0.2,0.8,0.514082780464644,2.68327947113868,-0.4,0.657148422958717,0.657148422958717,0.475645540267548,0.472475003608558
7,0.3,0.8,0.479566980227178,1.87699713826615,-0.4,0.661859638818151,0.661859638818151,0.458594970018039,0.432544827192768
7,0.1,1,0.233171442485427,4.50820118935442,-0.4,0.429696142057934,0.429696142057934,0.233171442485427,0.233171442485427
7,0.2,1,0.19313951048233,3.02999717710735,-0.4,0.421435787389146,0.421435787389146,0.19331168426128,0.189292600616035
7,0.3,1,0.158265379496927,1.97351534590056,-0.4,0.427324786774236,0.427324786774236,0.172000892296537,0.139317866198792
7,0.1,0.2,0.893809870751693,1.22088423149905,-0.2,0.398950635320602,0.398950635320602,0.356560847485654,0.356560847485654
7,0.2,0.2,0.734264510610454,0.953224387666309,-0.2,0.394680180331958,0.394680180331958,0.347634201092298,0.34713836924551
7,0.3,0.2,0.598209656168143,0.746547937683597,-0.2,0.391564437203633,0.391564437203633,0.341685955538375,0.337901466768636
7,0.1,0.4,0.403556788872284,1.99123321730628,-0.2,0.36744949158064,0.36744949158064,0.334459360181318,0.334459360181318
7,0.2,0.4,0.52472184513652,1.42621913357911,-0.2,0.357717580655717,0.357717580655717,0.317599911178464,0.316066804006767
7,0.3,0.4,0.444385097358014,1.0191585984026,-0.2,0.351501511095515,0.351501511095515,0.305354639579206,0.293655817544684
7,0.1,0.6,0.301689187027785,2.82111124187293,-0.2,0.351174236269727,0.351174236269727,0.301679929043409,0.301679929043409
7,0.2,0.6,0.313503057522299,1.96213566373071,-0.2,0.336576369628563,0.336576369628563,0.276388594907891,0.274088224682204
7,0.3,0.6,0.290297972514265,1.34327092969016,-0.2,0.327252265127633,0.327252265127633,0.258019308068768,0.240467028875899
7,0.1,0.8,0.268910930669527,3.6765160398947,-0.2,0.334898980224565,0.334898980224565,0.268894289061271,0.268894289061271
7,0.2,0.8,0.235170914301208,2.51551300479814,-0.2,0.315435157697949,0.315435157697949,0.235169651378359,0.23210154726266
7,0.3,0.8,0.200089303002067,1.6785702789134,-0.2,0.303003018149194,0.303003018149194,0.210675449956931,0.187266954065661
7,0.1,1,0.236101990622004,4.57594541302221,-0.2,0.318623723444478,0.318623723444478,0.236101990622004,0.236101990622004
7,0.2,1,0.193942499616452,3.09854650843827,-0.2,0.294293944863047,0.294293944863047,0.193942499652386,0.190106150015758
7,0.3,1,0.150083227256115,2.03276295770695,-0.2,0.278753770159269,0.278753770159269,0.163322397607999,0.134054689146233
7,0.1,0.2,0.621548065269613,0.964488669744074,0,0.056508548390195,0.056508548390195,0.040090196438247,0.040090196438247
7,0.2,0.2,0.479145957621466,0.705994727879228,0,0.045876990614209,0.045876990614209,0.032956111361551,0.032462029185724
7,0.3,0.2,0.348588876055575,0.502457472733517,0,0.036517669880216,0.036517669880216,0.027004778156414,0.023622227771887
7,0.1,0.4,0.096497767552818,1.82786698994348,0,0.147230879266202,0.147230879266202,0.096497767552818,0.096497767552818
7,0.2,0.4,0.080199941784594,1.25435276554418,0,0.120126364242502,0.120126364242502,0.080199941784594,0.078673044849012
7,0.3,0.4,0.061640427159959,0.838218409548571,0,0.096276820187758,0.096276820187758,0.066881041890314,0.056428052349355
7,0.1,0.6,0.144747062194046,2.75683691700377,0,0.220846740661152,0.220846740661152,0.144747062194046,0.144747062194046
7,0.2,0.6,0.120300261639086,1.8918549174562,0,0.180189908582457,0.180189908582457,0.120300261639086,0.118009909257551
7,0.3,0.6,0.092460915597188,1.26422121468728,0,0.144415543495396,0.144415543495396,0.100321861709474,0.084642321914507
7,0.1,0.8,0.192996631205231,3.69658611652197,0,0.294462883702858,0.294462883702858,0.192996631205231,0.192996631205231
7,0.2,0.8,0.160400814525753,2.53730080897006,0,0.240253694806994,0.240253694806994,0.160400814525753,0.157347002038341
7,0.3,0.8,0.123281587590982,1.69588936266763,0,0.192554475962718,0.192554475962718,0.133762881112543,0.112856754012642
7,0.1,1,0.241246477829335,4.65206643555571,0,0.368079311720226,0.368079311720226,0.241246477829335,0.241246477829335
7,0.2,1,0.200501603198923,3.19394538470438,0,0.300317725774989,0.300317725774989,0.200501603198923,0.196684325890629
7,0.3,1,0.154102445305412,2.13529951254536,0,0.240693620061751,0.240693620061751,0.167204102458462,0.141071350564945
7,0.1,0.2,0.433035599185048,1.3360316472914,0.2,0.381062014057496,0.381062014057496,0.364357029111788,0.364357029111788
7,0.2,0.2,0.398584547415037,1.09764845467783,0.2,0.375219462052344,0.375219462052344,0.361182182844047,0.360690190816737
7,0.3,0.2,0.371357894162747,0.907682471282116,0.2,0.370872614103322,0.370872614103322,0.358901655304161,0.348218393748922
7,0.1,0.4,0.386192144174182,2.11991517177998,0.2,0.390652655737667,0.390652655737667,0.339034366469233,0.339034366469233
7,0.2,0.4,0.359136611506195,1.55327803098277,0.2,0.368127366603797,0.368127366603797,0.32475091792938,0.323230415490198
7,0.3,0.4,0.320588886173423,1.14067592952682,0.2,0.349975862180199,0.349975862180199,0.312982396908169,0.303364513088428
7,0.1,0.6,0.332031531152444,2.98393412320678,0.2,0.385978987082177,0.385978987082177,0.30855151994442,0.30855151994442
7,0.2,0.6,0.301666701555716,2.13265410876386,0.2,0.352191040050606,0.352191040050606,0.287126337478985,0.284845582900797
7,0.3,0.6,0.280788407238954,1.51265514458245,0.2,0.324963772444138,0.324963772444138,0.269473547956954,0.254989271437729
7,0.1,0.8,0.309329829356044,3.85057979618202,0.2,0.38130532074522,0.38130532074522,0.27806865355928,0.27806865355928
7,0.2,0.8,0.268828551032464,2.71378133476366,0.2,0.336254706923314,0.336254706923314,0.249501730723465,0.246460723392636
7,0.3,0.8,0.224622998735901,1.88569879849434,0.2,0.299951668815436,0.299951668815436,0.225964667367264,0.206572262369265
7,0.1,1,0.24758576722055,4.72084094994741,0.2,0.37663165673687,0.37663165673687,0.24758576722055,0.24758576722055
7,0.2,1,0.211877097543227,3.29733779363213,0.2,0.320318367193325,0.320318367193325,0.211877097538269,0.208075836838218
7,0.3,1,0.18067617999815,2.26021714262448,0.2,0.274939551233673,0.274939551233673,0.182455754988489,0.158109240312669
7,0.1,0.2,1.38761479687555,1.8424099684072,0.4,1.56350839676887,1.56350839676887,1.32941866028315,1.32941866028315
7,0.2,0.2,1.34870426794517,1.67101614740157,0.4,1.55103953738356,1.55103953738356,1.3323662225098,1.3181575609256
7,0.3,0.2,1.319903578444,1.54376217242127,0.4,1.54072049233332,1.54072049233332,1.33743123079746,1.3022489840293
7,0.1,0.4,1.10813984900678,2.58582707086967,0.4,1.44366696084311,1.44366696084311,1.06216209709288,1.06216209709288
7,0.2,0.4,1.07624689931828,2.10574578667778,0.4,1.41010335981874,1.41010335981874,1.05134071982012,1.04876909572983
7,0.3,0.4,1.04560526510446,1.75044542772297,0.4,1.3831514089219,1.3831514089219,1.04374641230711,1.02042336421219
7,0.1,0.6,0.810957287956567,3.0859839358718,0.4,1.3655004377074,1.3655004377074,0.793192605063905,0.793192605063905
7,0.2,0.6,0.811222483829973,2.36227546575264,0.4,1.31515503598292,1.31515503598292,0.776958722650961,0.771625886481551
7,0.3,0.6,0.765222566533081,1.82683568701064,0.4,1.27472710951112,1.27472710951112,0.765565885379937,0.729045564624044
7,0.1,0.8,0.544041250396365,3.59039961240785,0.4,1.28733391219998,1.28733391219998,0.524189024825468,0.524189024825468
7,0.2,0.8,0.49819477151969,2.62081313688894,0.4,1.2202067096501,1.2202067096501,0.502541412564385,0.493369822867648
7,0.3,0.8,0.482627073277117,1.90357725688461,0.4,1.16630280751899,1.16630280751899,0.487349118058349,0.436524610321394
7,0.1,1,0.255149304298005,4.10211709884443,0.4,1.20916738431951,1.20916738431951,0.255149300289731,0.255149300289731
7,0.2,1,0.219756842680374,2.88297189672337,0.4,1.12525838081888,1.12525838081888,0.228086658263531,0.213719738321761
7,0.3,1,0.161972418918941,1.98128616007207,0.4,1.05787850294405,1.05787850294405,0.209093921410218,0.142562842823231
7,0.1,0.2,3.00611207947524,3.44260004526709,0.6,3.30308701976947,3.30308701976947,2.93688392812645,2.93688392808485
7,0.2,0.2,2.96531491720277,3.27603034210242,0.6,3.29936995913155,3.29936995913155,2.94810902608238,2.92900495972298
7,0.3,0.2,2.94036474286614,3.15740663084254,0.6,3.29882234109989,3.29882234109989,2.96418992852493,2.91785271820464
7,0.1,0.4,2.35158742092253,3.7881660807631,0.6,2.74111375696536,2.74111375696536,2.26846164370899,2.26846164370899
7,0.2,0.4,2.31636938651364,3.32298721555905,0.6,2.72322573683725,2.72322573683725,2.2625500924958,2.26104576644156
7,0.3,0.4,2.28603515185537,2.98259914829548,0.6,2.71510373969513,2.71510373969513,2.26175770104758,2.24623995832407
7,0.1,0.6,1.70946251042444,3.88979643989704,0.6,2.31167062889694,2.31167062889694,1.60155885842458,1.60155885842458
7,0.2,0.6,1.65669918372597,3.18312357674643,0.6,2.28483859856412,2.28483859856412,1.59267517463868,1.59041713752195
7,0.3,0.6,1.61080024359843,2.66642857086491,0.6,2.27265560278539,2.27265560278539,1.59147400875924,1.55745961327441
7,0.1,0.8,0.963356456258658,3.99417010469454,0.6,1.88222749646081,1.88222749646081,0.933862962371744,0.933862962371744
7,0.2,0.8,0.981895327736043,3.03940415410436,0.6,1.84645145582949,1.84645145582949,0.921996581955996,0.911385332424124
7,0.3,0.8,0.920641671110847,2.3415940269264,0.6,1.83020746137045,1.83020746137045,0.920382304300238,0.859991292930631
7,0.1,1,0.279662909649657,4.10702618315351,0.6,1.45278435965481,1.45278435965481,0.265236563585123,0.265236563585123
7,0.2,1,0.219426387735764,2.89078234010997,0.6,1.40806430863116,1.40806430863116,0.250374550373223,0.214385283617822
7,0.3,1,0.166001218470965,2.00222772376633,0.6,1.38775931544807,1.38775931544807,0.248339467491748,0.149868192037282
7,0.1,0.2,5.25880097554125,5.73869894933952,0.8,5.9858487902371,5.9858487902371,5.19604118570586,5.19604118570586
7,0.2,0.2,5.23516290532351,5.58440261105546,0.8,5.97859357038232,5.97859357038232,5.21762793883025,5.21715053517306
7,0.3,0.2,5.23346654099535,5.48147150953243,0.8,5.97573215362621,5.97573215362621,5.24830602461812,5.23187289470221
7,0.1,0.4,4.20165743085533,5.55907077977485,0.8,5.07444587267509,5.07444587267509,3.97305361869524,3.97305361869524
7,0.2,0.4,4.1682685239093,5.12636875472793,0.8,5.05714651857044,5.05714651857044,3.97345832001534,3.97197205405267
7,0.3,0.4,4.14430991029664,4.81475040828074,0.8,5.0534156495682,5.0534156495682,3.98205357047668,3.97666570307435
7,0.1,0.6,3.05769161415081,5.1301776340788,0.8,4.41166880791628,4.41166880791628,2.75090785679419,2.75085041292434
7,0.2,0.6,3.00287714138804,4.46281617907326,0.8,4.3857197767451,4.3857197767451,2.75144042789815,2.74920408481194
7,0.3,0.6,2.96145673916563,3.98298874793646,0.8,4.38012347323867,4.38012347323867,2.76425947179146,2.75615466590827
7,0.1,0.8,1.85282599701527,4.67695162348011,0.8,3.74889174242655,3.74889174242655,1.52237814412933,1.52237814412933
7,0.2,0.8,1.77721880090086,3.76040458649923,0.8,3.71429303417937,3.71429303417937,1.52300846352945,1.52001864019239
7,0.3,0.8,1.7175743641577,3.10213370905377,0.8,3.70683129616671,3.70683129616671,1.54007902421315,1.52924591659724
7,0.1,1,0.321721775193077,4.17448544291439,0.8,3.08611467620578,3.08611467620578,0.285154598627638,0.285154598627638
7,0.2,1,0.263026153138286,2.96621671724014,0.8,3.04286629087313,3.04286629087313,0.285825351604631,0.258961586137179
7,0.3,1,0.258573142458647,2.0987852533158,0.8,3.03353911835221,3.03353911835221,0.307131967885041,0.208473317237957
7,0.1,0.2,8.32472129064921,8.82278911915171,1,8.89590868891531,8.89590868891531,8.13813097956087,8.13813097956087
7,0.2,0.2,8.31071132080567,8.69037195593922,1,8.92097721790574,8.92097721790574,8.17189842203314,8.17143875895283
7,0.3,0.2,8.32000709666446,8.58597001413177,1,8.95349545635305,8.95349545635305,8.22034887633977,8.2188097871956
7,0.1,0.4,6.90275023592956,8.06528814634543,1,7.25544104258106,7.25544104258106,6.22853991495218,6.21360839598468
7,0.2,0.4,6.86903113102734,7.6976061836374,1,7.26475791852158,7.26475791852158,6.23652571660781,6.22861087329444
7,0.3,0.4,6.85150801355687,7.36021364590346,1,7.29559421210806,7.29559421210806,6.2569129820436,6.2516919507463
7,0.1,0.6,5.22317198254411,7.08063331535416,1,5.88310449694874,5.88310449694874,4.30374442991919,4.29926443733126
7,0.2,0.6,5.16860309360919,6.48862802181352,1,5.89708003382046,5.89708003382046,4.31547892903533,4.30945504117095
7,0.3,0.6,5.13512795536126,5.94774516356385,1,5.94333517358811,5.94333517358811,4.3457532978065,4.33510116431618
7,0.1,0.8,3.41124949111852,5.98307505680196,1,4.51072976147375,4.51072976147375,2.34771126603373,2.34231701947121
7,0.2,0.8,3.33916435339481,5.15500597602087,1,4.5293641084982,4.5293641084982,2.36316377954809,2.35615676689506
7,0.3,0.8,3.29353710014537,4.40769930999315,1,4.59103856249596,4.59103856249596,2.40358255871978,2.39074063238122
7,0.1,1,0.473092778568346,4.52114177838344,1,3.13831583642614,3.13831583642614,0.339849784092919,0.339849784092919
7,0.2,1,0.424900998774051,3.34448655903416,1,3.16160914674205,3.16160914674205,0.358872713738561,0.355154084363147
7,0.3,1,0.617948243650852,2.31039130723997,1,3.23870339527997,3.23870339527997,0.409532687421797,0.38926885515724
